exp,salary
4.7,46853.63183
2.5,24950.69789
4.5,54421.63144
3.3,39295.68624
1.9,20886.60654
4.5,54044.5061
4.1,47581.36237
2.6,33444.27948
3.4,39337.83653
3.2,39795.23326
1.9,28836.75933
2.9,30918.44532
2.1,25053.9798
1.7,19364.56985
4.8,57897.77109
